English,Traditional Chinese
Trump’s tariffs are devastating the Halloween industry,翻譯失敗 / Translation failed
American comedians at Saudi festival draw backlash from human rights groups,翻譯失敗 / Translation failed
"Tesla sales hit a record in the third quarter, briefly lifting Musk’s wealth above half a trillion",翻譯失敗 / Translation failed
Trump’s tariffs are devastating the Halloween industry,翻譯失敗 / Translation failed
American comedians at Saudi festival draw backlash from human rights groups,翻譯失敗 / Translation failed
"Tesla sales hit a record in the third quarter, briefly lifting Musk’s wealth above half a trillion",翻譯失敗 / Translation failed
Elizabeth Warren calls for Trump to release the jobs report despite shutdown,翻譯失敗 / Translation failed
The Root returns to Black ownership,翻譯失敗 / Translation failed
Warren Buffett’s Berkshire Hathaway set to make its biggest deal in three years,翻譯失敗 / Translation failed
"Taiwan bought over $1.3 billion worth of a Russian oil product this year, report says",翻譯失敗 / Translation failed
A new rule means some 401(k) contributions will no longer be tax-deferred. Here’s who will be affected,翻譯失敗 / Translation failed
"As the US government hits pause, Trump’s economic chaos only accelerates",翻譯失敗 / Translation failed
Taiwan says it will resist pressure from Washington to move half of chip production to US,翻譯失敗 / Translation failed
Meta will soon use your conversations with its AI chatbot to sell you stuff,翻譯失敗 / Translation failed
"Dow, S&P 500 hit record highs as Wall Street shrugs off government shutdown concerns for now",翻譯失敗 / Translation failed
What this shutdown could mean for the economy and your 401(k),翻譯失敗 / Translation failed
"AI is not yet replacing workers in the US, researchers find",翻譯失敗 / Translation failed
Nike turnaround takes root despite $1.5 billion tariff bill,翻譯失敗 / Translation failed
"The US economy lost 32,000 private-sector jobs in September",翻譯失敗 / Translation failed
Hollywood is fuming over a new ‘AI actress’,翻譯失敗 / Translation failed
Jimmy Kimmel explains how he learned he was being yanked off the air — and thought he’d never return,翻譯失敗 / Translation failed
Peloton goes all in on AI in product relaunch,翻譯失敗 / Translation failed
US agency sues Apple for alleged discrimination against Jewish worker,翻譯失敗 / Translation failed
PBS and NPR funding cuts are hitting home as government shutdown looms,翻譯失敗 / Translation failed
FTC claims Zillow paid Redfin $100 million to dominate online rental listings,翻譯失敗 / Translation failed
Candid photo of Scott Bessent’s phone reveals administration’s concern about two key Trump policies,翻譯失敗 / Translation failed
U.S. grocer says lower food bills for customers will be a challenge,翻譯失敗 / Translation failed
We’re now buying more e-bikes than electric vehicles. This mom’s story helps explain why,翻譯失敗 / Translation failed
"Cardiologist: Why AI can’t fully explain your symptoms, and how to use it instead",翻譯失敗 / Translation failed
Why Jim Cramer was right about gold bars,翻譯失敗 / Translation failed
Why Starbucks is closing hundreds of stores,翻譯失敗 / Translation failed
"AI isn’t replacing your job, but ‘workslop’ may be taking it over",翻譯失敗 / Translation failed
Trump announces a 25% tariff on trucks and a 30% tariff on furniture,翻譯失敗 / Translation failed
Trump signed executive order on TikTok deal. But the deal isn’t complete,翻譯失敗 / Translation failed
Amazon to pay historic $2.5 billion settlement for allegedly tricking customers into signing up for Prime,翻譯失敗 / Translation failed
Jimmy Kimmel’s ratings bonanza continues,翻譯失敗 / Translation failed
"Kimmel nods to big ratings, heckles Trump as an ‘80s-movie-style bully’ in second post-suspension show",翻譯失敗 / Translation failed
"The US economy grew at a 3.8% rate in the second quarter, significantly stronger than previously reported",翻譯失敗 / Translation failed
DOJ preparing to ask grand jury to indict ex-FBI chief Comey,翻譯失敗 / Translation failed
This AI film took 200 creatives and a 1000 prompts per image,翻譯失敗 / Translation failed
Unhappy at work? How to change jobs without fear,翻譯失敗 / Translation failed
Hacker uncovers Tesla crash evidence in minutes,翻譯失敗 / Translation failed
Trump says China is on board with new TikTok deal,翻譯失敗 / Translation failed
It’s Tax Day. Still haven’t filed? Tips on how to get an extension and more,翻譯失敗 / Translation failed
Not using these job interview tips can reduce your chances of getting that job,翻譯失敗 / Translation failed
Smart moves to make when the Fed starts cutting rates,翻譯失敗 / Translation failed
Early signs of dementia can show in your finances,翻譯失敗 / Translation failed
Most companies aren’t seeing a return on AI investments. This tech CEO wants to change that,翻譯失敗 / Translation failed
Beijing’s anger at ‘extremely malicious’ US move to ramp up pressure on Chinese tech firms,翻譯失敗 / Translation failed
Silicon Valley’s seniors get a crash course in AI,翻譯失敗 / Translation failed
Microsoft terminates services for Israeli military after investigation into mass surveillance of Palestinians,翻譯失敗 / Translation failed
How consumer pushback beat Trump’s pressure campaign on Kimmel,翻譯失敗 / Translation failed
The Jimmy Kimmel blackout is completely over: Nexstar and Sinclair back down,翻譯失敗 / Translation failed
How Larry and David Ellison reached the peak of their wealth – and political power,翻譯失敗 / Translation failed
Disney is a cultural touchstone — and that’s why it’s a magnet for controversy,翻譯失敗 / Translation failed
Streaming and texting on the Moon: Nokia and NASA are taking 4G into space,翻譯失敗 / Translation failed
"The electric car revolution is on track, says IEA",翻譯失敗 / Translation failed
Digital humans: the relatable face of artificial intelligence?,翻譯失敗 / Translation failed
Top soccer clubs are using an AI-powered app to scout future stars,翻譯失敗 / Translation failed
"Despite two months of tariffs, car prices aren’t going up. Is now the time to buy?",翻譯失敗 / Translation failed
Wall Street is making some seriously weird trades,翻譯失敗 / Translation failed
What are stablecoins? Everything to know about the crypto being debated in Congress,翻譯失敗 / Translation failed
"How American consumers are feeling the squeeze, in 4 charts",翻譯失敗 / Translation failed
U.S. grocer says lower food bills for customers will be a challenge,翻譯失敗 / Translation failed
We’re now buying more e-bikes than electric vehicles. This mom’s story helps explain why,翻譯失敗 / Translation failed
"Cardiologist: Why AI can’t fully explain your symptoms, and how to use it instead",翻譯失敗 / Translation failed
